{
    "inference_times": [
        43.14125180244446,
        2.5936970710754395,
        1.3441693782806396,
        0.15662789344787598,
        0.15785694122314453,
        0.7769525051116943,
        0.19051432609558105,
        0.29592370986938477,
        0.22603130340576172,
        0.15569543838500977,
        0.17722272872924805,
        0.15377473831176758,
        3.2485361099243164,
        0.1578829288482666,
        0.19321465492248535,
        0.36510419845581055,
        0.154740571975708,
        0.19520044326782227,
        0.17293953895568848,
        0.1924138069152832,
        0.17357730865478516,
        0.15488052368164062,
        0.154280424118042,
        0.15861892700195312,
        0.15476107597351074,
        0.15822505950927734,
        0.19013762474060059,
        0.2821323871612549,
        0.1545727252960205,
        0.1552906036376953,
        0.18847060203552246,
        0.10524845123291016,
        0.28067612648010254,
        0.2823641300201416,
        0.1719679832458496,
        0.15662860870361328,
        0.19252705574035645,
        0.19278597831726074,
        0.1919116973876953,
        0.2788512706756592,
        0.2817542552947998,
        0.15494179725646973,
        0.1583702564239502,
        0.2827033996582031,
        0.18885231018066406,
        0.15909624099731445,
        0.28112196922302246,
        0.15316987037658691,
        0.1561603546142578,
        0.15612244606018066,
        0.15565180778503418,
        0.17293763160705566,
        0.17475223541259766,
        0.17307448387145996,
        0.19205427169799805,
        0.17270112037658691,
        0.176375150680542,
        0.15520834922790527,
        0.15769577026367188,
        0.15526914596557617
    ],
    "average_inference_time": 1.024761192003886
}